sample	OS	_PATIENT	OS.time	TP53	Expr
TCGA-19-2624-01A	1	TCGA-19-2624	5	WT	Low
TCGA-41-4097-01A	1	TCGA-41-4097	6	WT	Low
TCGA-06-2569-01A	0	TCGA-06-2569	13	Mut	High
TCGA-06-0219-01A	1	TCGA-06-0219	22	WT	High
TCGA-41-2571-01A	1	TCGA-41-2571	26	WT	High
TCGA-06-0750-01A	1	TCGA-06-0750	28	WT	High
TCGA-14-0781-01B	1	TCGA-14-0781	29	WT	Low
TCGA-06-2557-01A	1	TCGA-06-2557	33	WT	High
TCGA-32-1980-01A	1	TCGA-32-1980	36	WT	Low
TCGA-28-1753-01A	0	TCGA-28-1753	37	Mut	low
TCGA-26-5139-01A	0	TCGA-26-5139	48	WT	High
TCGA-06-0649-01B	1	TCGA-06-0649	64	WT	Low
TCGA-14-0787-01A	1	TCGA-14-0787	68	WT	Low
TCGA-02-0055-01A	1	TCGA-02-0055	76	Mut	low
TCGA-28-1747-01C	1	TCGA-28-1747	77	WT	Low
TCGA-06-0747-01A	1	TCGA-06-0747	82	WT	Low
TCGA-06-0749-01A	1	TCGA-06-0749	82	WT	Low
TCGA-06-5418-01A	1	TCGA-06-5418	83	WT	Low
TCGA-27-2526-01A	1	TCGA-27-2526	87	WT	High
TCGA-76-4928-01B	1	TCGA-76-4928	94	WT	High
TCGA-28-2499-01A	1	TCGA-28-2499	95	WT	Low
TCGA-06-0157-01A	1	TCGA-06-0157	97	WT	High
TCGA-06-0174-01A	1	TCGA-06-0174	98	WT	High
TCGA-12-5299-01A	1	TCGA-12-5299	98	WT	High
TCGA-06-5410-01A	1	TCGA-06-5410	108	WT	Low
TCGA-76-4929-01A	1	TCGA-76-4929	111	Mut	High
TCGA-06-5856-01A	1	TCGA-06-5856	114	WT	High
TCGA-16-0846-01A	1	TCGA-16-0846	119	Mut	low
TCGA-19-2625-01A	1	TCGA-19-2625	124	Mut	High
TCGA-06-2567-01A	1	TCGA-06-2567	133	Mut	low
TCGA-06-5412-01A	1	TCGA-06-5412	138	WT	High
TCGA-76-4926-01B	1	TCGA-76-4926	138	WT	Low
TCGA-06-5859-01A	0	TCGA-06-5859	139	WT	High
TCGA-19-1389-02A	1	TCGA-19-1389	141	WT	High
TCGA-32-1982-01A	1	TCGA-32-1982	142	WT	Low
TCGA-28-2509-01A	0	TCGA-28-2509	145	Mut	High
TCGA-76-4925-01A	1	TCGA-76-4925	146	Mut	High
TCGA-19-2620-01A	1	TCGA-19-2620	148	WT	Low
TCGA-06-2559-01A	1	TCGA-06-2559	150	Mut	low
TCGA-27-1830-01A	1	TCGA-27-1830	154	Mut	low
TCGA-06-5417-01A	0	TCGA-06-5417	155	Mut	High
TCGA-28-5218-01A	1	TCGA-28-5218	157	WT	High
TCGA-28-2514-01A	0	TCGA-28-2514	160	WT	Low
TCGA-14-0817-01A	1	TCGA-14-0817	164	Mut	High
TCGA-26-5134-01A	0	TCGA-26-5134	167	WT	High
TCGA-06-0646-01A	1	TCGA-06-0646	175	WT	Low
TCGA-06-0645-01A	1	TCGA-06-0645	175	WT	Low
TCGA-06-0156-01A	1	TCGA-06-0156	178	WT	Low
TCGA-06-2564-01A	0	TCGA-06-2564	181	WT	Low
TCGA-06-5858-01A	0	TCGA-06-5858	187	Mut	low
TCGA-06-5416-01A	0	TCGA-06-5416	204	Mut	High
TCGA-19-4065-02A	0	TCGA-19-4065	214	WT	Low
TCGA-19-4065-01A	0	TCGA-19-4065	214	Mut	High
TCGA-14-1829-01A	0	TCGA-14-1829	218	WT	High
TCGA-06-0878-01A	0	TCGA-06-0878	218	WT	High
TCGA-28-2513-01A	0	TCGA-28-2513	222	WT	Low
TCGA-32-2616-01A	1	TCGA-32-2616	224	Mut	low
TCGA-06-0210-01B	1	TCGA-06-0210	225	Mut	High
TCGA-06-0210-02A	1	TCGA-06-0210	225	WT	High
TCGA-06-0210-01A	1	TCGA-06-0210	225	Mut	High
TCGA-27-2524-01A	1	TCGA-27-2524	231	WT	High
TCGA-14-1825-01A	1	TCGA-14-1825	232	Mut	low
TCGA-06-0745-01A	1	TCGA-06-0745	239	WT	Low
TCGA-06-5411-01A	1	TCGA-06-5411	254	WT	Low
TCGA-06-5413-01A	0	TCGA-06-5413	268	WT	High
TCGA-32-2632-01A	1	TCGA-32-2632	269	WT	High
TCGA-26-5135-01A	1	TCGA-26-5135	270	WT	Low
TCGA-06-5414-01A	0	TCGA-06-5414	273	WT	Low
TCGA-76-4931-01A	1	TCGA-76-4931	279	WT	High
TCGA-26-5132-01A	0	TCGA-26-5132	286	WT	High
TCGA-19-2619-01A	0	TCGA-19-2619	294	WT	Low
TCGA-27-1832-01A	1	TCGA-27-1832	300	WT	Low
TCGA-06-0141-01A	1	TCGA-06-0141	313	WT	High
TCGA-06-0190-01A	1	TCGA-06-0190	317	Mut	High
TCGA-06-0190-02A	1	TCGA-06-0190	317	WT	High
TCGA-12-0821-01A	1	TCGA-12-0821	323	WT	High
TCGA-06-0158-01A	1	TCGA-06-0158	329	WT	Low
TCGA-12-3650-01A	1	TCGA-12-3650	333	WT	High
TCGA-28-5215-01A	1	TCGA-28-5215	335	Mut	low
TCGA-14-0789-01A	1	TCGA-14-0789	342	WT	Low
TCGA-28-5207-01A	1	TCGA-28-5207	343	Mut	low
TCGA-06-5408-01A	1	TCGA-06-5408	357	Mut	High
TCGA-41-3915-01A	1	TCGA-41-3915	360	WT	Low
TCGA-06-0211-02A	1	TCGA-06-0211	360	WT	High
TCGA-06-0211-01A	1	TCGA-06-0211	360	WT	High
TCGA-06-0211-01B	1	TCGA-06-0211	360	WT	High
TCGA-06-0139-01B	1	TCGA-06-0139	362	WT	Low
TCGA-06-0139-01A	1	TCGA-06-0139	362	WT	Low
TCGA-06-0152-02A	1	TCGA-06-0152	375	WT	Low
TCGA-06-2558-01A	1	TCGA-06-2558	380	Mut	low
TCGA-06-2562-01A	1	TCGA-06-2562	382	WT	Low
TCGA-06-0644-01A	1	TCGA-06-0644	384	Mut	High
TCGA-19-1787-01B	1	TCGA-19-1787	385	Mut	High
TCGA-28-5220-01A	1	TCGA-28-5220	388	WT	High
TCGA-06-0130-01A	1	TCGA-06-0130	394	Mut	High
TCGA-12-0618-01A	1	TCGA-12-0618	395	Mut	low
TCGA-06-0171-02A	1	TCGA-06-0171	399	WT	Low
TCGA-06-0238-01A	1	TCGA-06-0238	405	Mut	High
TCGA-41-2572-01A	1	TCGA-41-2572	406	WT	Low
TCGA-06-1804-01A	1	TCGA-06-1804	414	WT	Low
TCGA-28-5216-01A	0	TCGA-28-5216	415	Mut	High
TCGA-15-0742-01A	1	TCGA-15-0742	419	WT	High
TCGA-14-0790-01B	1	TCGA-14-0790	419	WT	High
TCGA-27-1837-01A	1	TCGA-27-1837	427	WT	Low
TCGA-06-0686-01A	1	TCGA-06-0686	432	WT	High
TCGA-28-5209-01A	0	TCGA-28-5209	442	WT	High
TCGA-12-3653-01A	1	TCGA-12-3653	442	WT	High
TCGA-12-0616-01A	1	TCGA-12-0616	448	WT	High
TCGA-02-0047-01A	1	TCGA-02-0047	448	WT	Low
TCGA-26-5133-01A	0	TCGA-26-5133	452	Mut	High
TCGA-28-5204-01A	1	TCGA-28-5204	454	WT	High
TCGA-12-5295-01A	1	TCGA-12-5295	454	WT	High
TCGA-19-5960-01A	1	TCGA-19-5960	455	WT	High
TCGA-41-5651-01A	1	TCGA-41-5651	460	Mut	High
TCGA-14-0736-02A	1	TCGA-14-0736	460	WT	Low
TCGA-02-2483-01A	0	TCGA-02-2483	466	Mut	High
TCGA-32-1970-01A	1	TCGA-32-1970	468	Mut	low
TCGA-02-2485-01A	0	TCGA-02-2485	470	Mut	low
TCGA-27-2528-01A	1	TCGA-27-2528	480	WT	High
TCGA-32-2615-01A	1	TCGA-32-2615	485	WT	Low
TCGA-14-1034-02B	1	TCGA-14-1034	485	WT	High
TCGA-14-1034-01A	1	TCGA-14-1034	485	Mut	High
TCGA-27-2523-01A	1	TCGA-27-2523	489	WT	High
TCGA-27-1831-01A	1	TCGA-27-1831	505	WT	High
TCGA-06-2565-01A	1	TCGA-06-2565	506	WT	Low
TCGA-27-2521-01A	1	TCGA-27-2521	510	Mut	High
TCGA-14-2554-01A	1	TCGA-14-2554	532	WT	High
TCGA-76-4927-01A	1	TCGA-76-4927	535	WT	High
TCGA-06-2561-01A	1	TCGA-06-2561	537	WT	Low
TCGA-14-1823-01A	1	TCGA-14-1823	543	WT	High
TCGA-28-5208-01A	1	TCGA-28-5208	544	WT	High
TCGA-08-0386-01A	1	TCGA-08-0386	548	WT	High
TCGA-27-2519-01A	1	TCGA-27-2519	550	Mut	High
TCGA-26-5136-01B	1	TCGA-26-5136	577	Mut	low
TCGA-32-5222-01A	1	TCGA-32-5222	585	WT	High
TCGA-06-0168-01A	1	TCGA-06-0168	598	WT	Low
TCGA-06-0221-02A	1	TCGA-06-0221	603	WT	High
TCGA-32-4213-01A	0	TCGA-32-4213	604	WT	High
TCGA-02-2486-01A	1	TCGA-02-2486	618	WT	Low
TCGA-06-0882-01A	1	TCGA-06-0882	632	WT	Low
TCGA-27-1835-01A	1	TCGA-27-1835	648	Mut	low
TCGA-19-0957-02A	1	TCGA-19-0957	666	WT	High
TCGA-12-1597-01B	1	TCGA-12-1597	675	WT	Low
TCGA-32-2634-01A	0	TCGA-32-2634	693	Mut	low
TCGA-06-0138-01A	1	TCGA-06-0138	737	WT	Low
TCGA-19-2629-01A	1	TCGA-19-2629	737	Mut	High
TCGA-32-2638-01A	1	TCGA-32-2638	766	WT	Low
TCGA-06-0132-01A	1	TCGA-06-0132	771	WT	Low
TCGA-19-1390-01A	1	TCGA-19-1390	772	Mut	low
TCGA-06-0743-01A	1	TCGA-06-0743	803	Mut	low
TCGA-06-0187-01A	1	TCGA-06-0187	828	WT	High
TCGA-14-0871-01A	1	TCGA-14-0871	880	Mut	High
TCGA-16-1045-01B	1	TCGA-16-1045	883	WT	Low
TCGA-06-2563-01A	0	TCGA-06-2563	932	Mut	low
TCGA-28-5213-01A	1	TCGA-28-5213	951	WT	Low
TCGA-26-1442-01A	0	TCGA-26-1442	953	Mut	low
TCGA-06-2570-01A	0	TCGA-06-2570	958	Mut	low
TCGA-14-1402-02A	1	TCGA-14-1402	975	WT	High
TCGA-06-0129-01A	1	TCGA-06-0129	1024	Mut	low
TCGA-12-0619-01A	1	TCGA-12-0619	1062	Mut	High
TCGA-12-3652-01A	1	TCGA-12-3652	1062	WT	Low
TCGA-27-1834-01A	1	TCGA-27-1834	1233	WT	Low
TCGA-06-0744-01A	1	TCGA-06-0744	1426	Mut	low
TCGA-06-0125-02A	1	TCGA-06-0125	1448	WT	Low
TCGA-76-4932-01A	1	TCGA-76-4932	1458	WT	Low
TCGA-15-1444-01A	1	TCGA-15-1444	1537	WT	Low
TCGA-06-0184-01A	1	TCGA-06-0184	2126	Mut	low
TCGA-06-0178-01A	1	TCGA-06-0178	2681	WT	High
